{"ground_truth_extended": [0.9981386691484412, 0.9986040018613308, 1.0, 1.0, 1.0, 1.0, 1.0, 1.0, 0.9995346672871103, 0.9995346672871103, 0.9990693345742205, 0.9986040018613308, 0.9976733364355514, 0.9976733364355514, 0.996742671009772, 0.9962773382968823, 0.9958120055839925, 0.9948813401582132, 0.9944160074453234, 0.9930200093066542, 0.9925546765937645, 0.9925546765937645, 0.9920893438808748, 0.990228013029316, 0.9897626803164262, 0.9892973476035365, 0.9888320148906468, 0.9874360167519777, 0.9860400186133085, 0.9837133550488599, 0.9823173569101907, 0.9813866914844114, 0.9799906933457422, 0.9799906933457422, 0.9785946952070731, 0.9776640297812936, 0.9758026989297348, 0.9730107026523964, 0.9720800372266171, 0.9720800372266171, 0.9697533736621684, 0.9678920428106096, 0.965565379246161, 0.9646347138203816, 0.9627733829688228, 0.9613773848301536, 0.9595160539785947, 0.9585853885528153, 0.9571893904141461, 0.9562587249883667, 0.9553280595625873, 0.9543973941368078, 0.952536063285249, 0.9502093997208003, 0.9502093997208003, 0.9483480688692415, 0.9464867380176827, 0.9464867380176827, 0.9455560725919032, 0.9436947417403444], "ground_truth_subset": [0.98, 0.98, 1.0, 1.0, 1.0, 1.0, 1.0, 1.0, 1.0, 1.0, 1.0, 1.0, 1.0, 1.0, 1.0, 1.0, 1.0, 1.0, 1.0, 1.0, 1.0, 1.0, 1.0, 1.0, 1.0, 1.0, 1.0, 1.0, 1.0, 1.0, 1.0, 1.0, 1.0, 1.0, 1.0, 1.0, 1.0, 1.0, 1.0, 1.0, 1.0, 1.0, 1.0, 1.0, 1.0, 1.0, 1.0, 1.0, 1.0, 1.0, 1.0, 1.0, 1.0, 1.0, 1.0, 1.0, 0.98, 0.98, 0.98, 0.96], "sigma_vals": [1.0, 1.05, 1.1, 1.1500000000000001, 1.2000000000000002, 1.2500000000000002, 1.3000000000000003, 1.3500000000000003, 1.4000000000000004, 1.4500000000000004, 1.5000000000000004, 1.5500000000000005, 1.6000000000000005, 1.6500000000000006, 1.7000000000000006, 1.7500000000000007, 1.8000000000000007, 1.8500000000000008, 1.9000000000000008, 1.9500000000000008, 2.000000000000001, 2.0500000000000007, 2.100000000000001, 2.1500000000000012, 2.200000000000001, 2.250000000000001, 2.300000000000001, 2.3500000000000014, 2.4000000000000012, 2.450000000000001, 2.5000000000000013, 2.5500000000000016, 2.6000000000000014, 2.6500000000000012, 2.7000000000000015, 2.7500000000000018, 2.8000000000000016, 2.8500000000000014, 2.9000000000000017, 2.950000000000002, 3.0000000000000018, 3.0500000000000016, 3.100000000000002, 3.150000000000002, 3.200000000000002, 3.2500000000000018, 3.300000000000002, 3.3500000000000023, 3.400000000000002, 3.450000000000002, 3.500000000000002, 3.5500000000000025, 3.6000000000000023, 3.650000000000002, 3.7000000000000024, 3.7500000000000027, 3.8000000000000025, 3.8500000000000023, 3.9000000000000026, 3.950000000000003], "intervals": [[0.9499779103350909, 1.0270563792170266], [1.0619294293847483, 1.366528838600802], [1.369177846671946, 1.4658823919308146], [1.4676025883734043, 1.5214172252590836], [1.5686369354318002, 1.5861260687049252], [1.588103120980118, 1.651443041140344], [1.6654697647308374, 1.7240425479571244], [1.7257893219022848, 1.790120841862017], [1.8387241002957138, 1.863740741251639], [1.8665371426581678, 1.922006079075954], [1.9397341917416127, 1.9760201871122647], [1.9786090175574433, 2.051019236723507], [2.0530460391496304, 2.11816071790222], [2.1373149663787956, 2.175505982159955], [2.177516426415088, 2.2327852697154644], [2.2665249687946756, 2.3126438678672625], [2.3626009437563225, 2.3718193928092886], [2.421734091550251, 2.4259013328417502], [2.4594163888600256, 2.4761029498754974], [2.526044322633048, 2.5543905813054155], [2.572206718054339, 2.669259988701734]], "incorrect": [[748, 1669, 1966, 2052], [1669, 1966, 2052], [], [], [], [], [], [], [1715], [1715], [1715, 1827], [918, 1715, 1827], [276, 918, 1519, 1715, 1827], [276, 918, 1519, 1715, 1827], [276, 611, 918, 1519, 1715, 1821, 1827], [104, 276, 611, 918, 1519, 1715, 1821, 1827], [104, 276, 611, 918, 1519, 1715, 1821, 1827, 2060], [104, 276, 280, 611, 918, 1137, 1519, 1715, 1821, 1827, 2060], [104, 173, 276, 280, 611, 918, 1137, 1519, 1715, 1821, 1827, 2060], [104, 173, 276, 280, 611, 860, 918, 1137, 1519, 1715, 1745, 1783, 1821, 1827, 2060], [104, 173, 276, 280, 611, 860, 918, 1137, 1228, 1519, 1715, 1745, 1783, 1821, 1827, 2060], [104, 173, 276, 280, 611, 860, 918, 1137, 1228, 1519, 1715, 1745, 1783, 1821, 1827, 2060], [104, 173, 276, 280, 611, 860, 918, 1009, 1137, 1228, 1519, 1715, 1745, 1783, 1821, 1827, 2060], [3, 104, 173, 276, 280, 611, 755, 818, 860, 918, 1009, 1137, 1228, 1519, 1715, 1745, 1783, 1821, 1827, 2060, 2085], [3, 56, 104, 173, 276, 280, 611, 755, 818, 860, 918, 1009, 1137, 1228, 1519, 1715, 1745, 1783, 1821, 1827, 2060, 2085], [3, 56, 104, 173, 276, 280, 611, 755, 818, 860, 918, 1009, 1137, 1146, 1228, 1519, 1715, 1745, 1783, 1821, 1827, 2060, 2085], [3, 56, 104, 173, 276, 280, 586, 611, 755, 818, 860, 918, 1009, 1137, 1146, 1228, 1519, 1715, 1745, 1783, 1821, 1827, 2060, 2085], [3, 56, 104, 113, 173, 276, 280, 586, 611, 755, 818, 860, 918, 1009, 1137, 1146, 1228, 1493, 1519, 1715, 1745, 1783, 1821, 1827, 2008, 2060, 2085], [3, 56, 104, 113, 173, 276, 280, 586, 611, 755, 818, 860, 918, 1009, 1137, 1146, 1228, 1493, 1519, 1659, 1715, 1745, 1783, 1821, 1827, 1884, 1887, 2008, 2060, 2085], [3, 56, 104, 113, 173, 276, 280, 310, 506, 585, 586, 611, 755, 818, 829, 860, 918, 1009, 1137, 1146, 1228, 1493, 1519, 1572, 1659, 1715, 1745, 1783, 1821, 1827, 1884, 1887, 2008, 2060, 2085], [3, 56, 104, 113, 173, 276, 280, 310, 506, 509, 585, 586, 611, 755, 818, 829, 860, 918, 1009, 1137, 1146, 1228, 1493, 1519, 1572, 1590, 1659, 1715, 1745, 1783, 1821, 1827, 1839, 1884, 1887, 2008, 2060, 2085], [3, 56, 104, 113, 173, 276, 280, 310, 506, 509, 585, 586, 611, 755, 818, 829, 860, 918, 1009, 1073, 1137, 1146, 1228, 1493, 1519, 1572, 1590, 1659, 1694, 1715, 1745, 1783, 1821, 1827, 1839, 1884, 1887, 2008, 2060, 2085], [3, 56, 104, 113, 173, 276, 280, 310, 506, 509, 542, 585, 586, 611, 755, 818, 829, 860, 918, 999, 1009, 1073, 1137, 1146, 1228, 1493, 1519, 1572, 1590, 1659, 1694, 1715, 1745, 1783, 1821, 1827, 1839, 1884, 1887, 2008, 2060, 2085, 2108], [3, 56, 104, 113, 173, 276, 280, 310, 506, 509, 542, 585, 586, 611, 755, 818, 829, 860, 918, 999, 1009, 1073, 1137, 1146, 1228, 1493, 1519, 1572, 1590, 1659, 1694, 1715, 1745, 1783, 1821, 1827, 1839, 1884, 1887, 2008, 2060, 2085, 2108], [3, 56, 104, 113, 173, 276, 280, 301, 310, 506, 509, 542, 585, 586, 611, 755, 818, 829, 860, 918, 999, 1009, 1073, 1137, 1146, 1228, 1402, 1408, 1493, 1519, 1572, 1590, 1659, 1694, 1715, 1745, 1783, 1821, 1827, 1839, 1884, 1887, 2008, 2060, 2085, 2108], [3, 56, 104, 113, 173, 276, 280, 301, 310, 506, 509, 542, 585, 586, 611, 755, 818, 829, 860, 918, 999, 1009, 1073, 1137, 1146, 1228, 1252, 1363, 1402, 1408, 1493, 1519, 1572, 1590, 1659, 1694, 1715, 1745, 1783, 1821, 1827, 1839, 1884, 1887, 2008, 2060, 2085, 2108], [3, 56, 104, 113, 142, 173, 276, 280, 301, 310, 474, 494, 506, 509, 542, 585, 586, 611, 755, 778, 818, 829, 860, 918, 999, 1009, 1073, 1137, 1146, 1228, 1252, 1363, 1402, 1408, 1493, 1519, 1572, 1590, 1659, 1694, 1715, 1745, 1783, 1821, 1827, 1839, 1884, 1887, 2008, 2060, 2085, 2108], [3, 56, 104, 113, 142, 173, 276, 280, 301, 310, 474, 494, 506, 509, 542, 585, 586, 611, 742, 755, 778, 818, 829, 860, 918, 999, 1009, 1022, 1073, 1137, 1146, 1228, 1252, 1255, 1363, 1402, 1408, 1493, 1519, 1572, 1590, 1659, 1694, 1715, 1745, 1783, 1821, 1827, 1839, 1884, 1887, 1899, 1960, 1967, 2008, 2060, 2085, 2108], [3, 56, 104, 113, 142, 173, 276, 280, 291, 301, 310, 474, 494, 506, 509, 542, 585, 586, 611, 742, 755, 778, 818, 829, 860, 918, 999, 1009, 1022, 1073, 1137, 1146, 1228, 1252, 1255, 1363, 1402, 1408, 1493, 1519, 1572, 1590, 1659, 1694, 1715, 1745, 1783, 1821, 1827, 1839, 1884, 1887, 1899, 1960, 1967, 2008, 2053, 2060, 2085, 2108], [3, 56, 104, 113, 142, 173, 276, 280, 291, 301, 310, 474, 494, 506, 509, 542, 585, 586, 611, 742, 755, 778, 818, 829, 860, 918, 999, 1009, 1022, 1073, 1137, 1146, 1228, 1252, 1255, 1363, 1402, 1408, 1493, 1519, 1572, 1590, 1659, 1694, 1715, 1745, 1783, 1821, 1827, 1839, 1884, 1887, 1899, 1960, 1967, 2008, 