{"ground_truth_extended": [0.9981386691484412, 0.9981386691484412, 0.9981386691484412, 0.9981386691484412, 0.9981386691484412, 0.9981386691484412, 0.9976733364355514, 0.9972080037226617, 0.996742671009772, 0.996742671009772, 0.996742671009772, 0.996742671009772, 0.990228013029316, 0.990228013029316, 0.990228013029316, 0.990228013029316, 0.9906933457422057, 0.9906933457422057, 0.9906933457422057, 0.9911586784550954, 0.9911586784550954, 0.9911586784550954, 0.9911586784550954, 0.9911586784550954, 0.9911586784550954, 0.9906933457422057, 0.990228013029316, 0.9897626803164262, 0.990228013029316, 0.9906933457422057, 0.9911586784550954, 0.9911586784550954, 0.9911586784550954, 0.9911586784550954, 0.9911586784550954, 0.9911586784550954, 0.9911586784550954, 0.9911586784550954, 0.9911586784550954, 0.9911586784550954, 0.9916240111679852, 0.9916240111679852, 0.9920893438808748, 0.9920893438808748, 0.9920893438808748, 0.9916240111679852, 0.9916240111679852, 0.9916240111679852, 0.9916240111679852, 0.9916240111679852, 0.9916240111679852, 0.9916240111679852, 0.9916240111679852, 0.9916240111679852, 0.9911586784550954, 0.9911586784550954, 0.9916240111679852, 0.9920893438808748, 0.9920893438808748, 0.9925546765937645], "ground_truth_subset": [1.0, 1.0, 1.0, 1.0, 1.0, 1.0, 1.0, 1.0, 1.0, 1.0, 1.0, 1.0, 0.98, 0.98, 0.98, 0.98, 0.98, 0.98, 0.98, 0.98, 0.98, 0.98, 0.98, 0.98, 0.98, 0.98, 0.98, 0.98, 0.98, 0.98, 0.98, 0.98, 0.98, 0.98, 0.98, 0.98, 0.98, 0.98, 0.98, 0.98, 0.98, 0.98, 0.98, 0.98, 0.98, 0.98, 0.98, 0.98, 0.98, 0.98, 0.98, 0.98, 0.98, 0.98, 0.98, 0.98, 0.98, 0.98, 0.98, 0.98], "sigma_vals": [1.0, 1.05, 1.1, 1.1500000000000001, 1.2000000000000002, 1.2500000000000002, 1.3000000000000003, 1.3500000000000003, 1.4000000000000004, 1.4500000000000004, 1.5000000000000004, 1.5500000000000005, 1.6000000000000005, 1.6500000000000006, 1.7000000000000006, 1.7500000000000007, 1.8000000000000007, 1.8500000000000008, 1.9000000000000008, 1.9500000000000008, 2.000000000000001, 2.0500000000000007, 2.100000000000001, 2.1500000000000012, 2.200000000000001, 2.250000000000001, 2.300000000000001, 2.3500000000000014, 2.4000000000000012, 2.450000000000001, 2.5000000000000013, 2.5500000000000016, 2.6000000000000014, 2.6500000000000012, 2.7000000000000015, 2.7500000000000018, 2.8000000000000016, 2.8500000000000014, 2.9000000000000017, 2.950000000000002, 3.0000000000000018, 3.0500000000000016, 3.100000000000002, 3.150000000000002, 3.200000000000002, 3.2500000000000018, 3.300000000000002, 3.3500000000000023, 3.400000000000002, 3.450000000000002, 3.500000000000002, 3.5500000000000025, 3.6000000000000023, 3.650000000000002, 3.7000000000000024, 3.7500000000000027, 3.8000000000000025, 3.8500000000000023, 3.9000000000000026, 3.950000000000003], "intervals": [[0.5616716713477233, 2.207525612939437], [2.220206870842824, 2.258568621458616], [2.2634851141684953, 2.3319978813706435], [2.343085684966544, 2.434597441787094], [2.3570231995986877, 2.5572532012702], [2.373820116140912, 2.7329299022032254], [2.398401393197358, 3.183913896552188], [3.2150760958906166, 3.5569442749552316], [3.250768264684966, 3.6372106959852566], [3.6619634200043003, Infinity]], "incorrect": [[34, 217, 1764, 1894], [34, 217, 1764, 1894], [34, 217, 1764, 1894], [34, 217, 1764, 1894], [34, 217, 1764, 1894], [34, 217, 1764, 1894], [34, 217, 1764, 1798, 1894], [34, 217, 1024, 1764, 1798, 1894], [34, 217, 507, 1024, 1764, 1798, 1894], [34, 217, 507, 1024, 1764, 1798, 1894], [34, 217, 507, 1024, 1764, 1798, 1894], [34, 217, 507, 1024, 1764, 1798, 1894], [34, 121, 217, 443, 507, 745, 790, 868, 931, 937, 1024, 1135, 1145, 1203, 1367, 1695, 1764, 1798, 1893, 1894, 2113], [34, 121, 217, 443, 507, 745, 790, 868, 931, 937, 1024, 1135, 1145, 1203, 1367, 1695, 1764, 1798, 1893, 1894, 2113], [34, 121, 217, 443, 507, 745, 790, 868, 931, 937, 1024, 1135, 1145, 1203, 1367, 1695, 1764, 1798, 1893, 1894, 2113], [34, 121, 217, 443, 507, 745, 790, 868, 931, 937, 1024, 1135, 1145, 1203, 1367, 1695, 1764, 1798, 1893, 1894, 2113], [34, 121, 217, 443, 507, 745, 790, 868, 931, 937, 1024, 1135, 1145, 1203, 1367, 1695, 1764, 1798, 1894, 2113], [34, 121, 217, 443, 507, 745, 790, 868, 931, 937, 1024, 1135, 1145, 1203, 1367, 1695, 1764, 1798, 1894, 2113], [34, 121, 217, 443, 507, 745, 790, 868, 931, 937, 1024, 1135, 1145, 1203, 1367, 1695, 1764, 1798, 1894, 2113], [34, 121, 217, 443, 507, 745, 868, 931, 937, 1024, 1135, 1145, 1203, 1367, 1695, 1764, 1798, 1894, 2113], [34, 121, 217, 443, 507, 745, 868, 931, 937, 1024, 1135, 1145, 1367, 1446, 1695, 1764, 1798, 1894, 2113], [34, 121, 217, 443, 507, 745, 868, 931, 937, 1024, 1135, 1145, 1367, 1446, 1695, 1764, 1798, 1894, 2113], [34, 121, 217, 443, 507, 745, 868, 931, 937, 1024, 1135, 1145, 1367, 1446, 1695, 1764, 1798, 1894, 2113], [34, 121, 217, 443, 507, 745, 868, 931, 937, 1024, 1135, 1145, 1367, 1446, 1695, 1764, 1798, 1894, 2113], [34, 217, 443, 507, 745, 868, 931, 937, 1024, 1135, 1145, 1367, 1446, 1579, 1695, 1764, 1798, 1894, 2113], [34, 217, 307, 443, 507, 745, 868, 931, 937, 1024, 1135, 1145, 1367, 1446, 1579, 1695, 1764, 1798, 1894, 2113], [34, 217, 307, 443, 507, 745, 868, 931, 937, 1024, 1135, 1145, 1367, 1446, 1579, 1695, 1762, 1764, 1798, 1894, 2113], [34, 217, 307, 443, 507, 745, 868, 931, 937, 1024, 1135, 1145, 1367, 1446, 1579, 1695, 1762, 1764, 1798, 1894, 1962, 2113], [34, 217, 307, 443, 507, 745, 868, 931, 937, 1024, 1135, 1145, 1446, 1579, 1695, 1762, 1764, 1798, 1894, 1962, 2113], [34, 217, 307, 443, 507, 745, 868, 931, 937, 1024, 1135, 1145, 1446, 1579, 1762, 1764, 1798, 1894, 1962, 2113], [34, 217, 307, 443, 507, 745, 868, 931, 937, 1024, 1145, 1446, 1579, 1762, 1764, 1798, 1894, 1962, 2113], [34, 217, 307, 443, 507, 745, 868, 931, 937, 1024, 1145, 1446, 1579, 1762, 1764, 1798, 1894, 1962, 2113], [34, 217, 307, 443, 507, 745, 868, 931, 937, 1024, 1145, 1446, 1579, 1762, 1764, 1798, 1894, 1962, 2113], [34, 217, 307, 443, 507, 745, 868, 931, 937, 1024, 1145, 1446, 1579, 1762, 1764, 1798, 1894, 1962, 2113], [34, 217, 307, 443, 507, 745, 868, 931, 937, 1024, 1145, 1446, 1579, 1762, 1764, 1798, 1894, 1962, 2113], [34, 217, 307, 443, 507, 745, 868, 931, 937, 1024, 1145, 1446, 1579, 1762, 1764, 1798, 1894, 1962, 2113], [34, 217, 307, 443, 507, 745, 868, 931, 937, 1024, 1145, 1446, 1579, 1762, 1764, 1798, 1894, 1962, 2113], [34, 217, 307, 443, 507, 745, 868, 931, 937, 1024, 1145, 1446, 1579, 1762, 1764, 1798, 1894, 1962, 2113], [34, 217, 307, 443, 507, 745, 868, 931, 937, 1024, 1145, 1446, 1579, 1762, 1764, 1798, 1894, 1962, 2113], [34, 217, 307, 443, 507, 745, 868, 931, 937, 1024, 1145, 1446, 1579, 1762, 1764, 1798, 1894, 1962, 2113], [34, 217, 307, 443, 507, 745, 868, 931, 937, 1024, 1145, 1446, 1579, 1762, 1764, 1798, 1894, 1962], [34, 217, 307, 443, 507, 745, 868, 931, 937, 1024, 1145, 1446, 1579, 1762, 1764, 1798, 1894, 1962], [34, 217, 307, 507, 745, 868, 931, 937, 1024, 1145, 1446, 1579, 1762, 1764, 1798, 1894, 1962], [34, 217, 307, 507, 745, 868, 931, 937, 1024, 1145, 1446, 1579, 1762, 1764, 1798, 1894, 1962], [34, 217, 307, 507, 745, 868, 931, 937, 1024, 1145, 1446, 1579, 1762, 1764, 1798, 1894, 1962], [34, 217, 307, 507, 642, 745, 868, 931, 937, 1024, 1145, 1446, 1579, 1762, 1764, 1798, 1894, 1962], [34, 217, 307, 507, 642, 745, 868, 931, 937, 1024, 1145, 1446, 1579, 1762, 1764, 1798, 1894, 1962], [34, 217, 307, 507, 642, 745, 868, 931, 937, 1024, 1145, 1446, 1579, 1762, 1764, 1798, 1894, 1962], [34, 217, 307, 507, 642, 745, 868, 931, 937, 1024, 1145, 1446, 1579, 1762, 1764, 1798, 1894, 1962], [34, 217, 307, 507, 642, 745, 868, 931, 937, 1024, 1145, 1446, 1579, 1762, 1764, 1798, 1894, 1962], [34, 217, 307, 507, 642, 745, 868, 931, 937, 1024, 1145, 1446, 1579, 1762, 1764, 1798, 1894, 1962], [34, 217, 307, 507, 642, 745, 868, 931, 937, 1024, 1145, 1446, 1579, 1762, 1764, 1798, 1894, 1962], [34, 217, 307, 507, 642, 745, 868, 931, 937, 1024, 1145, 1446, 1579, 1762, 1764, 1798, 1894, 1962], [34, 217, 307, 507, 642, 745, 868, 931, 937, 1024, 1145, 1446, 1579, 1762, 1764, 1798, 1894, 