{"ground_truth_extended": [0.9981386691484412, 0.9990693345742205, 0.9990693345742205, 0.9990693345742205, 0.9990693345742205, 0.9990693345742205, 0.9990693345742205, 0.9986040018613308, 0.9986040018613308, 0.9944160074453234, 0.9939506747324337, 0.9939506747324337, 0.993485342019544, 0.9930200093066542, 0.9925546765937645, 0.9925546765937645, 0.9916240111679852, 0.9920893438808748, 0.9916240111679852, 0.9916240111679852, 0.9897626803164262, 0.9892973476035365, 0.9874360167519777, 0.9869706840390879, 0.9869706840390879, 0.9865053513261982, 0.9860400186133085, 0.9841786877617497, 0.9832480223359702, 0.9827826896230805, 0.9818520241973011, 0.9790600279199628, 0.9781293624941834, 0.9771986970684039, 0.9767333643555142, 0.9758026989297348, 0.9734760353652862, 0.9730107026523964, 0.9716147045137273, 0.9711493718008376, 0.9711493718008376, 0.9702187063750581, 0.9692880409492788, 0.968822708236389, 0.9678920428106096, 0.9674267100977199, 0.9660307119590508, 0.965565379246161, 0.9646347138203816, 0.9646347138203816, 0.9641693811074918, 0.9637040483946021, 0.9618427175430433, 0.9613773848301536, 0.9613773848301536, 0.9609120521172638, 0.9604467194043741, 0.9599813866914844, 0.9595160539785947, 0.9576547231270358], "ground_truth_subset": [0.98, 1.0, 1.0, 1.0, 1.0, 1.0, 1.0, 1.0, 1.0, 0.98, 0.98, 0.98, 0.98, 0.98, 0.98, 0.98, 0.98, 0.98, 0.98, 0.98, 0.98, 0.98, 0.98, 0.98, 0.98, 0.98, 0.98, 0.98, 0.98, 0.98, 0.98, 0.98, 0.98, 0.98, 0.98, 0.98, 0.98, 0.98, 0.98, 0.98, 0.98, 0.98, 0.98, 0.98, 0.98, 0.98, 0.98, 0.98, 0.98, 0.98, 0.98, 0.98, 0.98, 0.98, 0.98, 0.98, 0.98, 0.98, 0.98, 0.98], "sigma_vals": [1.0, 1.05, 1.1, 1.1500000000000001, 1.2000000000000002, 1.2500000000000002, 1.3000000000000003, 1.3500000000000003, 1.4000000000000004, 1.4500000000000004, 1.5000000000000004, 1.5500000000000005, 1.6000000000000005, 1.6500000000000006, 1.7000000000000006, 1.7500000000000007, 1.8000000000000007, 1.8500000000000008, 1.9000000000000008, 1.9500000000000008, 2.000000000000001, 2.0500000000000007, 2.100000000000001, 2.1500000000000012, 2.200000000000001, 2.250000000000001, 2.300000000000001, 2.3500000000000014, 2.4000000000000012, 2.450000000000001, 2.5000000000000013, 2.5500000000000016, 2.6000000000000014, 2.6500000000000012, 2.7000000000000015, 2.7500000000000018, 2.8000000000000016, 2.8500000000000014, 2.9000000000000017, 2.950000000000002, 3.0000000000000018, 3.0500000000000016, 3.100000000000002, 3.150000000000002, 3.200000000000002, 3.2500000000000018, 3.300000000000002, 3.3500000000000023, 3.400000000000002, 3.450000000000002, 3.500000000000002, 3.5500000000000025, 3.6000000000000023, 3.650000000000002, 3.7000000000000024, 3.7500000000000027, 3.8000000000000025, 3.8500000000000023, 3.9000000000000026, 3.950000000000003], "intervals": [[0.9962437110016364, 1.0113143095371757], [1.0113629264834694, 1.2911069455718736], [1.3039299887922862, 1.4115733425246464], [1.4548024757387927, 1.5920864113440965], [1.6411402502981154, 1.6709051807824662], [1.6745579331324514, 1.7477874349423057], [1.7921850355762698, 1.8866242581497732], [1.9034633224140145, 1.9641023238671544], [1.9993605589814432, 2.0426718631746286], [2.092591014650886, 2.0969056511270527], [2.142083582743693, 2.2131221672870414], [2.219939564373235, 2.2710405210067215], [2.321026870352853, 2.323635662111331], [2.3605699124411315, 2.3736366632688646], [2.3777478418926408, 2.443400777069721], [2.463678972706333, 2.504839159312614], [2.543714237329109, 2.589410890029795], [2.6365395420464353, 2.6414269032899607], [2.6576421725591297, 2.699606286310128], [2.722767088163921, 2.7576031482450745], [2.7913389449179973, 2.807631420785805]], "incorrect": [[57, 340, 1000, 1150], [57, 1150], [57, 1150], [57, 1150], [57, 1150], [57, 1150], [57, 1150], [57, 1150, 1505], [57, 1150, 1505], [57, 483, 509, 550, 692, 963, 1150, 1250, 1505, 1725, 1955, 2006], [57, 483, 509, 550, 692, 963, 969, 1150, 1250, 1505, 1725, 1955, 2006], [57, 483, 509, 550, 692, 963, 969, 1150, 1250, 1505, 1725, 1955, 2006], [57, 483, 509, 550, 561, 692, 963, 969, 1150, 1250, 1505, 1725, 1955, 2006], [57, 85, 483, 509, 550, 561, 692, 963, 969, 1150, 1250, 1505, 1725, 1955, 2006], [57, 85, 483, 509, 550, 561, 692, 963, 969, 1150, 1250, 1504, 1505, 1725, 1955, 2006], [57, 85, 483, 509, 550, 561, 692, 963, 969, 1150, 1250, 1504, 1505, 1725, 1955, 2006], [57, 85, 364, 469, 483, 509, 550, 561, 692, 963, 969, 1150, 1250, 1504, 1505, 1725, 1955, 2006], [57, 85, 364, 469, 483, 509, 550, 561, 692, 963, 1150, 1250, 1504, 1505, 1725, 1955, 2006], [57, 85, 364, 469, 483, 509, 550, 561, 692, 963, 1150, 1250, 1487, 1504, 1505, 1725, 1955, 2006], [57, 85, 364, 469, 483, 509, 550, 561, 692, 963, 1150, 1250, 1487, 1504, 1505, 1725, 1955, 2006], [57, 85, 222, 364, 469, 483, 509, 550, 561, 692, 849, 963, 969, 1150, 1250, 1487, 1504, 1505, 1725, 1904, 1955, 2006], [57, 85, 222, 364, 469, 483, 509, 550, 561, 639, 692, 849, 963, 969, 1150, 1250, 1487, 1504, 1505, 1725, 1904, 1955, 2006], [57, 85, 94, 222, 364, 469, 483, 509, 550, 561, 639, 692, 849, 963, 969, 1150, 1250, 1251, 1487, 1504, 1505, 1651, 1725, 1904, 1955, 2006, 2139], [57, 85, 94, 222, 364, 469, 483, 509, 550, 561, 639, 692, 849, 963, 969, 1150, 1250, 1251, 1487, 1504, 1505, 1651, 1725, 1904, 1955, 2006, 2106, 2139], [57, 85, 94, 222, 364, 469, 483, 509, 550, 561, 639, 692, 849, 963, 969, 1150, 1250, 1251, 1487, 1504, 1505, 1651, 1725, 1904, 1955, 2006, 2106, 2139], [57, 85, 94, 222, 364, 469, 483, 509, 550, 561, 622, 639, 692, 849, 963, 969, 1150, 1250, 1251, 1487, 1504, 1505, 1651, 1725, 1904, 1955, 2006, 2106, 2139], [57, 85, 94, 222, 364, 469, 483, 509, 550, 561, 579, 622, 639, 692, 849, 963, 969, 1150, 1250, 1251, 1487, 1504, 1505, 1651, 1725, 1904, 1955, 2006, 2106, 2139], [57, 85, 94, 107, 123, 222, 364, 469, 483, 509, 550, 561, 579, 622, 639, 692, 849, 963, 969, 1150, 1170, 1250, 1251, 1443, 1487, 1504, 1505, 1651, 1725, 1904, 1955, 2006, 2106, 2139], [57, 85, 94, 107, 123, 222, 309, 364, 469, 483, 509, 550, 561, 579, 622, 639, 692, 849, 963, 969, 1084, 1150, 1170, 1250, 1251, 1443, 1487, 1504, 1505, 1651, 1725, 1904, 1955, 2006, 2106, 2139], [57, 85, 94, 107, 123, 222, 309, 364, 383, 469, 483, 509, 550, 561, 579, 622, 639, 692, 849, 963, 969, 1084, 1150, 1170, 1250, 1251, 1443, 1487, 1504, 1505, 1651, 1725, 1904, 1955, 2006, 2106, 2139], [57, 85, 94, 107, 123, 222, 309, 364, 383, 469, 483, 509, 550, 561, 579, 622, 639, 692, 849, 963, 969, 1084, 1150, 1170, 1250, 1251, 1407, 1443, 1487, 1504, 1505, 1651, 1670, 1725, 1904, 1955, 2006, 2106, 2139], [57, 85, 94, 107, 123, 222, 309, 364, 383, 469, 483, 509, 550, 557, 561, 579, 622, 639, 692, 849, 963, 969, 1018, 1084, 1121, 1150, 1170, 1250, 1251, 1407, 1409, 1443, 1487, 1504, 1505, 1651, 1670, 1725, 1850, 1904, 1955, 2006, 2091, 2106, 2139], [57, 85, 94, 107, 123, 193, 222, 309, 364, 383, 469, 483, 509, 550, 557, 561, 579, 622, 639, 692, 849, 963, 969, 1018, 1084, 1121, 1150, 1170, 1250, 1251, 1407, 1409, 1443, 1487, 1504, 1505, 1651, 1670, 1725, 1809, 1850, 1904, 1955, 2006, 2091, 2106, 2139], [57, 85, 94, 107, 123, 193, 222, 309, 364, 383, 469, 483, 509, 550, 557, 561, 579, 622, 639, 692, 780, 849, 963, 969, 1018, 1084, 1121, 1150, 1170, 1250, 1251, 1407, 1409, 1443, 1487, 1504, 1505, 1651, 1670, 1725, 1809, 1850, 1904, 1955, 2006, 2026, 2091, 2106, 2139], [57, 85, 94, 107, 123, 193, 222, 309, 364, 383, 469, 483, 509, 550, 557, 561, 579, 622, 636, 639, 692, 780, 849, 963, 969, 1018, 1084, 1121, 1150, 1170, 1250, 1251, 1407, 1409, 1443, 1487, 1504, 1505, 1651, 1670, 1725, 1809, 1850, 1904, 1955, 2006, 2026, 2091, 2106, 2139], [57, 85, 94, 107, 123, 193, 222, 309, 364, 383, 469, 483, 509, 550, 557, 561, 579, 622, 636, 639, 692, 780, 849, 963, 969, 1018, 1084, 1121, 1150, 1170, 1250, 1251, 1407, 1409, 1443, 1487, 1504, 1505, 1651, 1670, 1725, 1809, 1843, 1850, 1904, 1955, 1971, 2006, 2026, 2091, 2106, 2139], [57, 85, 94, 107, 123, 193, 222, 309, 364, 383, 469, 483, 509, 550, 557, 561, 579, 622, 636, 639, 692, 780, 849, 915, 963, 969, 994, 1018, 1084, 