{"ground_truth_extended": [0.9986040018613308, 0.9986040018613308, 0.9986040018613308, 0.9986040018613308, 0.9986040018613308, 0.9986040018613308, 0.9981386691484412, 0.9981386691484412, 0.9976733364355514, 0.9976733364355514, 0.9976733364355514, 0.9972080037226617, 0.9972080037226617, 0.9972080037226617, 0.9972080037226617, 0.9972080037226617, 0.996742671009772, 0.996742671009772, 0.996742671009772, 0.9962773382968823, 0.9958120055839925, 0.9958120055839925, 0.9958120055839925, 0.9958120055839925, 0.9953466728711028, 0.9953466728711028, 0.9953466728711028, 0.9953466728711028, 0.9953466728711028, 0.9948813401582132, 0.9948813401582132, 0.9948813401582132, 0.9944160074453234, 0.9939506747324337, 0.993485342019544, 0.993485342019544, 0.9930200093066542, 0.9930200093066542, 0.9930200093066542, 0.9925546765937645, 0.9925546765937645, 0.9920893438808748, 0.9920893438808748, 0.9920893438808748, 0.9920893438808748, 0.9911586784550954, 0.9906933457422057, 0.9906933457422057, 0.990228013029316, 0.990228013029316, 0.9897626803164262, 0.9897626803164262, 0.9897626803164262, 0.9892973476035365, 0.9892973476035365, 0.9892973476035365, 0.9892973476035365, 0.9892973476035365, 0.9888320148906468, 0.9888320148906468], "ground_truth_subset": [1.0, 1.0, 1.0, 1.0, 1.0, 1.0, 1.0, 1.0, 1.0, 1.0, 1.0, 1.0, 1.0, 1.0, 1.0, 1.0, 1.0, 1.0, 1.0, 1.0, 1.0, 1.0, 1.0, 1.0, 1.0, 1.0, 1.0, 1.0, 1.0, 1.0, 1.0, 1.0, 1.0, 1.0, 1.0, 1.0, 1.0, 1.0, 1.0, 1.0, 1.0, 1.0, 1.0, 1.0, 1.0, 1.0, 1.0, 1.0, 1.0, 1.0, 1.0, 1.0, 1.0, 1.0, 1.0, 1.0, 1.0, 1.0, 1.0, 1.0], "sigma_vals": [1.0, 1.05, 1.1, 1.1500000000000001, 1.2000000000000002, 1.2500000000000002, 1.3000000000000003, 1.3500000000000003, 1.4000000000000004, 1.4500000000000004, 1.5000000000000004, 1.5500000000000005, 1.6000000000000005, 1.6500000000000006, 1.7000000000000006, 1.7500000000000007, 1.8000000000000007, 1.8500000000000008, 1.9000000000000008, 1.9500000000000008, 2.000000000000001, 2.0500000000000007, 2.100000000000001, 2.1500000000000012, 2.200000000000001, 2.250000000000001, 2.300000000000001, 2.3500000000000014, 2.4000000000000012, 2.450000000000001, 2.5000000000000013, 2.5500000000000016, 2.6000000000000014, 2.6500000000000012, 2.7000000000000015, 2.7500000000000018, 2.8000000000000016, 2.8500000000000014, 2.9000000000000017, 2.950000000000002, 3.0000000000000018, 3.0500000000000016, 3.100000000000002, 3.150000000000002, 3.200000000000002, 3.2500000000000018, 3.300000000000002, 3.3500000000000023, 3.400000000000002, 3.450000000000002, 3.500000000000002, 3.5500000000000025, 3.6000000000000023, 3.650000000000002, 3.7000000000000024, 3.7500000000000027, 3.8000000000000025, 3.8500000000000023, 3.9000000000000026, 3.950000000000003], "intervals": [[0.9864536281802095, 1.7497105493380882], [1.752405422336244, 1.864895419462409], [1.9116895257077666, 1.9592917233012175], [1.9612904839293392, 2.151253465663741], [2.154720064991336, 2.429278727970225], [2.431474742885357, 2.5509918402018785], [2.5549845576484103, 2.6469100063349815], [2.6493625392512508, 2.696996209061489], [2.703061056391466, 2.7674465922239473], [2.771081840647981, 2.9456440325606095], [2.948002678243293, 3.037758842365312], [3.040536223276828, 3.200319418529264], [3.230478234722577, 3.2949879006995992], [3.2986353499406484, 3.361918260775436], [3.364922511026943, 3.4734126276823187], [3.478520226140758, 3.608563412301929], [3.6128218750472345, 3.850327853554428], [3.854240879545334, 3.98156397683445]], "incorrect": [[172, 1218, 2045], [172, 1218, 2045], [172, 1218, 2045], [172, 1218, 2045], [172, 1218, 2045], [172, 1218, 2045], [172, 1187, 1218, 2045], [172, 1187, 1218, 2045], [172, 1187, 1218, 1931, 2045], [172, 1187, 1218, 1931, 2045], [172, 1187, 1218, 1931, 2045], [8, 172, 1187, 1218, 1931, 2045], [8, 172, 1187, 1218, 1931, 2045], [8, 172, 1187, 1218, 1931, 2045], [8, 172, 1187, 1218, 1931, 2045], [8, 172, 1187, 1218, 1931, 2045], [8, 172, 1187, 1218, 1564, 1931, 2045], [8, 172, 1187, 1218, 1564, 1931, 2045], [8, 172, 1187, 1218, 1564, 1931, 2045], [8, 10, 172, 1187, 1218, 1564, 1931, 2045], [8, 10, 172, 240, 1187, 1218, 1564, 1931, 2045], [8, 10, 172, 240, 1187, 1218, 1564, 1931, 2045], [8, 10, 172, 240, 1187, 1218, 1564, 1931, 2045], [8, 10, 172, 240, 1187, 1218, 1564, 1931, 2045], [8, 10, 172, 240, 1187, 1218, 1564, 1731, 1931, 2045], [8, 10, 172, 240, 1187, 1218, 1564, 1731, 1931, 2045], [8, 10, 172, 240, 1187, 1218, 1564, 1731, 1931, 2045], [8, 10, 172, 240, 1187, 1218, 1564, 1731, 1931, 2045], [8, 10, 172, 240, 1187, 1218, 1564, 1731, 1931, 2045], [8, 10, 172, 240, 1023, 1187, 1218, 1564, 1731, 1931, 2045], [8, 10, 172, 240, 1023, 1187, 1218, 1564, 1731, 1931, 2045], [8, 10, 172, 240, 1023, 1187, 1218, 1564, 1731, 1931, 2045], [8, 10, 172, 240, 1023, 1187, 1218, 1564, 1600, 1731, 1931, 2045], [8, 10, 172, 240, 622, 1023, 1187, 1218, 1564, 1600, 1731, 1931, 2045], [8, 10, 172, 240, 622, 1023, 1187, 1218, 1564, 1600, 1731, 1831, 1931, 2045], [8, 10, 172, 240, 622, 1023, 1187, 1218, 1564, 1600, 1731, 1831, 1931, 2045], [8, 10, 172, 240, 390, 622, 1023, 1187, 1218, 1564, 1600, 1731, 1831, 1931, 2045], [8, 10, 172, 240, 390, 622, 1023, 1187, 1218, 1564, 1600, 1731, 1831, 1931, 2045], [8, 10, 172, 240, 390, 622, 1023, 1187, 1218, 1564, 1600, 1731, 1831, 1931, 2045], [8, 10, 172, 240, 390, 622, 890, 1023, 1187, 1218, 1564, 1600, 1731, 1831, 1931, 2045], [8, 10, 172, 240, 390, 622, 890, 1023, 1187, 1218, 1564, 1600, 1731, 1831, 1931, 2045], [8, 10, 172, 240, 390, 622, 708, 890, 1023, 1187, 1218, 1564, 1600, 1731, 1831, 1931, 2045], [8, 10, 172, 240, 390, 622, 708, 890, 1023, 1187, 1218, 1564, 1600, 1731, 1831, 1931, 2045], [8, 10, 172, 240, 390, 622, 708, 890, 1023, 1187, 1218, 1564, 1600, 1731, 1831, 1931, 2045], [8, 10, 172, 240, 390, 622, 708, 890, 1023, 1187, 1218, 1564, 1600, 1731, 1831, 1931, 2045], [8, 10, 20, 172, 240, 390, 622, 708, 890, 1023, 1145, 1187, 1218, 1564, 1600, 1731, 1831, 1931, 2045], [8, 10, 20, 172, 240, 390, 622, 708, 890, 1023, 1102, 1145, 1187, 1218, 1564, 1600, 1731, 1831, 1931, 2045], [8, 10, 20, 172, 240, 390, 622, 708, 890, 1023, 1102, 1145, 1187, 1218, 1564, 1600, 1731, 1831, 1931, 2045], [8, 10, 20, 172, 240, 390, 622, 708, 890, 1023, 1102, 1145, 1187, 1218, 1564, 1600, 1731, 1831, 1883, 1931, 2045], [8, 10, 20, 172, 240, 390, 622, 708, 890, 1023, 1102, 1145, 1187, 1218, 1564, 1600, 1731, 1831, 1883, 1931, 2045], [8, 10, 20, 172, 240, 390, 622, 708, 890, 1023, 1102, 1145, 1187, 1218, 1564, 1566, 1600, 1731, 1831, 1883, 1931, 2045], [8, 10, 20, 172, 240, 390, 622, 708, 890, 1023, 1102, 1145, 1187, 1218, 1564, 1566, 1600, 1731, 1831, 1883, 1931, 2045], [8, 10, 20, 172, 240, 390, 622, 708, 890, 1023, 1102, 1145, 1187, 1218, 1564, 1566, 1600, 1731, 1831, 1883, 1931, 2045], [8, 10, 20, 172, 240, 300, 390, 622, 708, 890, 1023, 1102, 1145, 1187, 1218, 1564, 1566, 1600, 1731, 1831, 1883, 1931, 2045], [8, 10, 20, 172, 240, 300, 390, 622, 708, 890, 1023, 1102, 1145, 1187, 1218, 1564, 1566, 1600, 1731, 1831, 1883, 1931, 2045], [8, 10, 20, 172, 240, 300, 390, 622, 708, 890, 1023, 1102, 1145, 1187, 1218, 1564, 1566, 1600, 1731, 1831, 1883, 1931, 2045], [8, 10, 20, 172, 240, 300, 390, 622, 708, 890, 1023, 1102, 1145, 1187, 1218, 1564, 1566, 1600, 1731, 1831, 1883, 1931, 2045], [8, 10, 20, 172, 240, 300, 390, 622, 708, 890, 1023, 1102, 1145, 1187, 1218, 1564, 1566, 1600, 1731, 1831, 1883, 1931, 2045], [8, 10, 20, 172, 240, 300, 390, 622, 708, 890, 1023, 1102, 1145, 1187, 1218, 1387, 1564, 1566, 1600, 1731, 1831, 1883, 1931, 2045], [8, 10, 20, 172, 240, 300, 390, 622, 708, 890, 1023, 1102, 1145, 1187, 1218, 1387, 1564, 1566, 1600, 1731, 1831, 1883, 1931, 2045]], "time": 286.7045178413391, "count": 321315}