{"ground_truth_extended": [0.9948813401582132, 0.9948813401582132, 0.993485342019544, 0.9930200093066542, 0.9930200093066542, 0.9920893438808748, 0.9916240111679852, 0.9916240111679852, 0.9906933457422057, 0.9897626803164262, 0.9892973476035365, 0.9883666821777571, 0.9874360167519777, 0.9860400186133085, 0.9860400186133085, 0.9855746859004187, 0.9855746859004187, 0.9855746859004187, 0.9855746859004187, 0.9846440204746394, 0.9841786877617497, 0.9832480223359702, 0.9832480223359702, 0.9827826896230805, 0.9818520241973011, 0.9809213587715216, 0.9804560260586319, 0.9804560260586319, 0.9799906933457422, 0.9790600279199628, 0.9785946952070731, 0.9781293624941834, 0.9781293624941834, 0.9776640297812936, 0.9771986970684039, 0.9771986970684039, 0.9762680316426244, 0.9758026989297348, 0.9753373662168451, 0.9753373662168451, 0.9744067007910656, 0.9734760353652862, 0.9725453699395068, 0.9725453699395068, 0.9716147045137273, 0.9716147045137273, 0.9716147045137273, 0.9711493718008376, 0.9702187063750581, 0.9702187063750581, 0.9697533736621684, 0.9683573755234993, 0.9683573755234993, 0.9678920428106096, 0.9678920428106096, 0.9669613773848301, 0.9660307119590508, 0.9660307119590508, 0.9660307119590508, 0.9651000465332713], "ground_truth_subset": [1.0, 1.0, 1.0, 1.0, 1.0, 1.0, 1.0, 1.0, 1.0, 1.0, 1.0, 1.0, 1.0, 1.0, 1.0, 1.0, 1.0, 1.0, 1.0, 1.0, 1.0, 1.0, 1.0, 1.0, 1.0, 1.0, 1.0, 1.0, 1.0, 1.0, 1.0, 1.0, 1.0, 1.0, 1.0, 1.0, 1.0, 1.0, 1.0, 1.0, 1.0, 1.0, 1.0, 1.0, 1.0, 1.0, 1.0, 1.0, 1.0, 1.0, 1.0, 1.0, 1.0, 1.0, 1.0, 1.0, 1.0, 1.0, 1.0, 1.0], "sigma_vals": [1.0, 1.05, 1.1, 1.1500000000000001, 1.2000000000000002, 1.2500000000000002, 1.3000000000000003, 1.3500000000000003, 1.4000000000000004, 1.4500000000000004, 1.5000000000000004, 1.5500000000000005, 1.6000000000000005, 1.6500000000000006, 1.7000000000000006, 1.7500000000000007, 1.8000000000000007, 1.8500000000000008, 1.9000000000000008, 1.9500000000000008, 2.000000000000001, 2.0500000000000007, 2.100000000000001, 2.1500000000000012, 2.200000000000001, 2.250000000000001, 2.300000000000001, 2.3500000000000014, 2.4000000000000012, 2.450000000000001, 2.5000000000000013, 2.5500000000000016, 2.6000000000000014, 2.6500000000000012, 2.7000000000000015, 2.7500000000000018, 2.8000000000000016, 2.8500000000000014, 2.9000000000000017, 2.950000000000002, 3.0000000000000018, 3.0500000000000016, 3.100000000000002, 3.150000000000002, 3.200000000000002, 3.2500000000000018, 3.300000000000002, 3.3500000000000023, 3.400000000000002, 3.450000000000002, 3.500000000000002, 3.5500000000000025, 3.6000000000000023, 3.650000000000002, 3.7000000000000024, 3.7500000000000027, 3.8000000000000025, 3.8500000000000023, 3.9000000000000026, 3.950000000000003], "intervals": [[0.7164419749137474, 1.0456423287942407], [1.093999836186635, 1.202127931599873], [1.207802541675364, 1.2635147676681264], [1.2684986513893708, 1.3617695606496896], [1.399822723213968, 1.4134561373085472], [1.4282582673780957, 1.463508636388638], [1.4745481993685774, 1.526264555660545], [1.5730094815361488, 1.5763327807956113], [1.6065510484436387, 1.6264220254692905], [1.648812016312695, 1.7446869524068735], [1.7497108046542504, 1.9144298245544422], [1.9587620942323856, 2.031946999550496], [2.03977756861124, 2.1289552220520593], [2.174370110881511, 2.209018945402759], [2.21878383575023, 2.2669516302168744], [2.2740466798924057, 2.3878557552847814], [2.417856553393301, 2.4391285551325512], [2.4890503448286974, 2.5381641358324707], [2.5432392543284843, 2.6165351432508284], [2.620216999650432, 2.6763492153749353], [2.6803786032355372, 2.7565116237131773]], "incorrect": [[26, 54, 219, 359, 642, 662, 1228, 1338, 1563, 1731, 1813], [26, 54, 219, 359, 642, 662, 1228, 1338, 1563, 1731, 1813], [26, 54, 219, 359, 401, 642, 662, 1228, 1318, 1338, 1563, 1731, 1813, 1816], [26, 54, 219, 359, 401, 642, 662, 1228, 1318, 1338, 1563, 1634, 1731, 1813, 1816], [26, 54, 219, 359, 401, 642, 662, 1228, 1318, 1338, 1563, 1634, 1731, 1813, 1816], [26, 54, 219, 359, 401, 642, 662, 699, 875, 1228, 1318, 1338, 1563, 1634, 1731, 1813, 1816], [26, 54, 219, 359, 401, 642, 662, 699, 875, 1228, 1318, 1338, 1563, 1564, 1634, 1731, 1813, 1816], [26, 54, 219, 359, 401, 642, 662, 699, 875, 1228, 1318, 1338, 1563, 1564, 1634, 1731, 1813, 1816], [26, 54, 219, 359, 401, 642, 662, 699, 875, 1092, 1228, 1318, 1338, 1563, 1564, 1634, 1731, 1813, 1816, 1819], [26, 54, 219, 359, 396, 401, 601, 642, 662, 699, 875, 1092, 1228, 1318, 1338, 1563, 1564, 1634, 1731, 1813, 1816, 1819], [26, 54, 219, 359, 396, 401, 601, 642, 662, 699, 875, 1048, 1092, 1228, 1318, 1338, 1563, 1564, 1634, 1731, 1813, 1816, 1819], [26, 54, 219, 257, 284, 359, 396, 401, 601, 642, 662, 699, 875, 1048, 1092, 1228, 1318, 1338, 1563, 1564, 1634, 1731, 1813, 1816, 1819], [26, 54, 219, 257, 284, 359, 396, 401, 601, 642, 662, 699, 875, 1048, 1092, 1228, 1318, 1338, 1563, 1564, 1577, 1634, 1731, 1801, 1813, 1816, 1819], [26, 54, 219, 257, 284, 318, 359, 396, 401, 601, 642, 662, 699, 874, 875, 1048, 1092, 1228, 1318, 1338, 1418, 1563, 1564, 1577, 1634, 1731, 1801, 1813, 1816, 1819], [26, 54, 219, 257, 284, 318, 359, 396, 401, 601, 642, 662, 699, 874, 875, 1048, 1092, 1228, 1318, 1338, 1418, 1563, 1564, 1577, 1634, 1731, 1801, 1813, 1816, 1819], [26, 54, 219, 257, 284, 318, 359, 396, 401, 601, 642, 662, 699, 763, 874, 875, 1048, 1092, 1228, 1318, 1338, 1418, 1563, 1564, 1577, 1634, 1731, 1801, 1813, 1816, 1819], [26, 54, 219, 257, 284, 318, 359, 396, 401, 601, 642, 662, 699, 763, 874, 875, 1048, 1092, 1228, 1318, 1338, 1418, 1563, 1564, 1577, 1634, 1731, 1801, 1813, 1816, 1819], [26, 54, 219, 257, 284, 318, 359, 396, 401, 601, 642, 662, 699, 763, 874, 875, 1048, 1092, 1228, 1318, 1338, 1418, 1563, 1564, 1577, 1634, 1731, 1801, 1813, 1816, 1819], [26, 54, 219, 257, 284, 318, 359, 396, 401, 601, 642, 662, 699, 763, 874, 875, 1048, 1092, 1228, 1318, 1338, 1418, 1563, 1564, 1577, 1634, 1731, 1801, 1813, 1816, 1819], [26, 54, 219, 257, 284, 318, 359, 396, 401, 558, 601, 642, 662, 699, 763, 874, 875, 954, 1048, 1092, 1228, 1318, 1338, 1418, 1563, 1564, 1577, 1634, 1731, 1801, 1813, 1816, 1819], [26, 54, 219, 257, 284, 318, 359, 396, 401, 558, 601, 642, 662, 699, 763, 833, 874, 875, 954, 1048, 1092, 1228, 1318, 1338, 1418, 1563, 1564, 1577, 1634, 1731, 1801, 1813, 1816, 1819], [26, 54, 219, 257, 284, 318, 359, 396, 401, 558, 601, 642, 662, 699, 763, 833, 874, 875, 932, 954, 1048, 1092, 1228, 1318, 1338, 1373, 1418, 1563, 1564, 1577, 1634, 1731, 1801, 1813, 1816, 1819], [26, 54, 219, 257, 284, 318, 359, 396, 401, 558, 601, 642, 662, 699, 763, 833, 874, 875, 932, 954, 1048, 1092, 1228, 1318, 1338, 1373, 1418, 1563, 1564, 1577, 1634, 1731, 1801, 1813, 1816, 1819], [26, 54, 219, 257, 284, 318, 359, 396, 401, 558, 601, 642, 662, 699, 763, 786, 833, 874, 875, 932, 954, 1048, 1092, 1228, 1318, 1338, 1373, 1418, 1563, 1564, 1577, 1634, 1731, 1801, 1813, 1816, 1819], [26, 54, 219, 257, 284, 318, 359, 396, 401, 494, 558, 601, 642, 662, 699, 763, 786, 833, 874, 875, 932, 954, 1048, 1092, 1228, 1318, 1338, 1373, 1418, 1563, 1564, 1577, 1634, 1731, 1770, 1801, 1813, 1816, 1819], [26, 54, 219, 257, 284, 318, 359, 396, 401, 494, 558, 601, 642, 662, 686, 699, 763, 786, 833, 874, 875, 932, 954, 1048, 1092, 1228, 1318, 1338, 1373, 1418, 1563, 1564, 1577, 1612, 1634, 1731, 1770, 1801, 1813, 1816, 1819], [26, 54, 142, 219, 257, 284, 318, 359, 396, 401, 494, 558, 601, 642, 662, 686, 699, 763, 786, 833, 874, 875, 932, 954, 1048, 1092, 1228, 1318, 1338, 1373, 1418, 1563, 1564, 1577, 1612, 1634, 1731, 1770, 1801, 1813, 1816, 1819], [26, 54, 142, 219, 257, 284, 318, 359, 396, 401, 494, 558, 601, 642, 662, 686, 699, 763, 786, 833, 874, 875, 932, 954, 1048, 1092, 1228, 1318, 1338, 1373, 1418, 1563, 1564, 1577, 1612, 1634, 1731, 1770, 1801, 1813, 1816, 1819], [26, 54, 142, 219, 257, 284, 296, 318, 359, 396, 401, 494, 558, 601, 642, 662, 686, 699, 763, 786, 833, 874, 875, 932, 954, 1048, 1092, 1228, 1318, 1338, 1373, 1418, 1563, 1564, 1577, 1612, 1634, 1731, 1770, 1801, 1813, 1816, 1819], [26, 