{"ground_truth_extended": [0.9990693345742205, 0.9990693345742205, 0.9990693345742205, 0.9986040018613308, 0.9986040018613308, 0.9986040018613308, 0.9986040018613308, 0.9986040018613308, 0.9986040018613308, 0.9986040018613308, 0.9986040018613308, 0.9986040018613308, 0.9986040018613308, 0.9976733364355514, 0.9892973476035365, 0.9888320148906468, 0.9888320148906468, 0.9888320148906468, 0.9883666821777571, 0.9888320148906468, 0.9883666821777571, 0.9879013494648674, 0.9879013494648674, 0.9879013494648674, 0.9879013494648674, 0.9883666821777571, 0.9879013494648674, 0.9874360167519777, 0.9874360167519777, 0.9874360167519777, 0.9869706840390879, 0.9869706840390879, 0.9869706840390879, 0.9865053513261982, 0.9865053513261982, 0.9865053513261982, 0.9851093531875291, 0.9851093531875291, 0.9846440204746394, 0.9841786877617497, 0.9841786877617497, 0.9837133550488599, 0.9823173569101907, 0.9818520241973011, 0.9818520241973011, 0.9813866914844114, 0.9813866914844114, 0.9809213587715216, 0.9804560260586319, 0.9804560260586319, 0.9799906933457422, 0.9790600279199628, 0.9790600279199628, 0.9790600279199628, 0.9785946952070731, 0.9785946952070731, 0.9785946952070731, 0.9785946952070731, 0.9785946952070731, 0.9781293624941834], "ground_truth_subset": [1.0, 1.0, 1.0, 1.0, 1.0, 1.0, 1.0, 1.0, 1.0, 1.0, 1.0, 1.0, 1.0, 1.0, 0.98, 0.98, 0.98, 0.98, 0.98, 0.98, 0.98, 0.98, 0.98, 0.98, 0.98, 0.98, 0.98, 0.98, 0.98, 0.98, 0.98, 0.98, 0.98, 0.98, 0.98, 0.98, 0.98, 0.98, 0.98, 0.98, 0.98, 0.98, 0.98, 0.98, 0.98, 0.98, 0.98, 0.98, 0.98, 0.98, 0.98, 0.98, 0.98, 0.98, 0.98, 0.98, 0.98, 0.98, 0.98, 0.98], "sigma_vals": [1.0, 1.05, 1.1, 1.1500000000000001, 1.2000000000000002, 1.2500000000000002, 1.3000000000000003, 1.3500000000000003, 1.4000000000000004, 1.4500000000000004, 1.5000000000000004, 1.5500000000000005, 1.6000000000000005, 1.6500000000000006, 1.7000000000000006, 1.7500000000000007, 1.8000000000000007, 1.8500000000000008, 1.9000000000000008, 1.9500000000000008, 2.000000000000001, 2.0500000000000007, 2.100000000000001, 2.1500000000000012, 2.200000000000001, 2.250000000000001, 2.300000000000001, 2.3500000000000014, 2.4000000000000012, 2.450000000000001, 2.5000000000000013, 2.5500000000000016, 2.6000000000000014, 2.6500000000000012, 2.7000000000000015, 2.7500000000000018, 2.8000000000000016, 2.8500000000000014, 2.9000000000000017, 2.950000000000002, 3.0000000000000018, 3.0500000000000016, 3.100000000000002, 3.150000000000002, 3.200000000000002, 3.2500000000000018, 3.300000000000002, 3.3500000000000023, 3.400000000000002, 3.450000000000002, 3.500000000000002, 3.5500000000000025, 3.6000000000000023, 3.650000000000002, 3.7000000000000024, 3.7500000000000027, 3.8000000000000025, 3.8500000000000023, 3.9000000000000026, 3.950000000000003], "intervals": [[0.9085598374112501, 1.6057050481479165], [1.6408821489925793, 1.655751380604002], [1.6893271749355163, 1.7158392991500029], [1.7169217581016363, 1.8449955651860863], [1.870797044029937, 1.998581261769966], [2.01240752227472, 2.0850742191964096], [2.0870774921537647, 2.1491322507043265], [2.151834021956457, 2.2668020452646567], [2.28026238778421, 2.3387636854423337], [2.3713523500815468, 2.4365433095957765], [2.464278099938328, 2.4988209671862274], [2.5020352246904323, 2.6462205137541335], [2.6493823950443716, 2.741033411836945], [2.79095466440803, 2.791036216653103], [2.7949912971480413, 2.891467155132597], [2.8966190244256866, 2.9424699095256064], [2.9491669869327146, 3.036372863256245], [3.075678893743512, 3.1062475731334476], [3.1319335168637896, 3.2369546780030936], [3.246265414756051, 3.3381305874600042], [3.3881080935537105, 3.475174347251274]], "incorrect": [[603, 1076], [603, 1076], [603, 1076], [603, 1011, 1076], [603, 1011, 1076], [603, 1011, 1076], [603, 1011, 1076], [603, 1011, 1076], [603, 1011, 1076], [603, 1011, 1076], [603, 1011, 1076], [603, 1011, 1076], [603, 1011, 1076], [603, 1011, 1076, 1780, 1882], [353, 372, 603, 608, 714, 916, 1011, 1012, 1076, 1140, 1187, 1435, 1517, 1541, 1605, 1627, 1780, 1840, 1872, 1882, 1958, 2077, 2109], [129, 353, 372, 603, 608, 714, 916, 1011, 1012, 1076, 1140, 1187, 1435, 1517, 1541, 1605, 1627, 1780, 1840, 1872, 1882, 1958, 2077, 2109], [129, 353, 372, 603, 608, 714, 916, 1011, 1012, 1076, 1140, 1187, 1435, 1517, 1541, 1605, 1627, 1780, 1840, 1872, 1882, 1958, 2077, 2109], [353, 372, 603, 608, 714, 916, 1011, 1012, 1076, 1140, 1187, 1366, 1435, 1517, 1541, 1605, 1627, 1780, 1840, 1872, 1882, 1958, 2077, 2109], [227, 353, 372, 603, 608, 714, 916, 1011, 1012, 1076, 1140, 1187, 1366, 1435, 1517, 1541, 1573, 1605, 1627, 1780, 1840, 1872, 1882, 2077, 2109], [227, 353, 372, 603, 608, 714, 916, 1011, 1012, 1076, 1140, 1187, 1366, 1435, 1517, 1573, 1605, 1627, 1780, 1840, 1872, 1882, 2077, 2109], [227, 353, 372, 425, 603, 608, 714, 916, 1011, 1012, 1076, 1140, 1187, 1366, 1435, 1517, 1573, 1605, 1627, 1780, 1840, 1872, 1882, 2077, 2109], [227, 353, 372, 425, 603, 608, 660, 714, 916, 1011, 1012, 1076, 1140, 1187, 1366, 1435, 1517, 1573, 1605, 1627, 1780, 1840, 1872, 1882, 2077, 2109], [227, 353, 372, 425, 603, 608, 660, 714, 738, 916, 1011, 1012, 1076, 1187, 1366, 1435, 1517, 1573, 1605, 1627, 1780, 1840, 1872, 1882, 2077, 2109], [227, 353, 372, 425, 603, 608, 660, 714, 738, 916, 1011, 1012, 1076, 1187, 1366, 1435, 1517, 1573, 1605, 1627, 1780, 1840, 1872, 1882, 2077, 2109], [227, 353, 372, 425, 603, 608, 660, 714, 738, 916, 1011, 1012, 1076, 1085, 1187, 1366, 1435, 1517, 1573, 1605, 1627, 1780, 1840, 1882, 2077, 2109], [227, 353, 372, 425, 603, 608, 660, 714, 738, 916, 1011, 1012, 1076, 1085, 1187, 1366, 1435, 1517, 1573, 1605, 1627, 1780, 1840, 1882, 2109], [227, 353, 372, 397, 425, 603, 608, 660, 714, 738, 916, 1011, 1012, 1076, 1085, 1187, 1310, 1366, 1517, 1573, 1605, 1627, 1780, 1840, 1882, 2109], [227, 252, 353, 372, 397, 425, 603, 608, 660, 714, 738, 916, 1011, 1012, 1076, 1085, 1187, 1310, 1366, 1517, 1573, 1605, 1627, 1780, 1840, 1882, 2109], [227, 252, 353, 372, 397, 425, 603, 608, 660, 714, 738, 916, 1011, 1012, 1076, 1085, 1121, 1187, 1310, 1366, 1517, 1573, 1605, 1780, 1840, 1882, 2109], [227, 252, 353, 372, 397, 425, 603, 608, 660, 714, 738, 916, 1011, 1076, 1085, 1121, 1187, 1310, 1350, 1366, 1517, 1573, 1605, 1780, 1840, 1882, 2109], [217, 227, 252, 353, 372, 397, 425, 603, 608, 660, 714, 738, 916, 1011, 1076, 1085, 1121, 1187, 1310, 1350, 1366, 1517, 1573, 1605, 1780, 1840, 1882, 2109], [217, 227, 252, 353, 372, 397, 425, 603, 608, 660, 714, 738, 916, 1011, 1076, 1085, 1121, 1307, 1310, 1350, 1366, 1517, 1573, 1605, 1780, 1840, 1882, 2109], [217, 227, 252, 353, 372, 397, 425, 603, 608, 660, 714, 738, 916, 1011, 1076, 1085, 1121, 1307, 1310, 1350, 1366, 1517, 1573, 1605, 1780, 1840, 1882, 2109], [217, 227, 252, 353, 372, 397, 425, 603, 608, 660, 714, 738, 916, 1011, 1076, 1085, 1121, 1181, 1307, 1310, 1350, 1366, 1517, 1573, 1605, 1780, 1840, 1882, 2109], [217, 227, 252, 353, 372, 397, 425, 603, 608, 660, 714, 738, 916, 1011, 1076, 1085, 1121, 1181, 1307, 1310, 1350, 1366, 1517, 1573, 1605, 1780, 1840, 1882, 2109], [217, 227, 252, 353, 372, 397, 425, 603, 608, 660, 714, 738, 1011, 1076, 1085, 1121, 1181, 1307, 1310, 1350, 1366, 1517, 1573, 1605, 1780, 1840, 1882, 1931, 2109], [217, 227, 252, 353, 372, 397, 425, 603, 608, 660, 714, 738, 1011, 1076, 1085, 1121, 1181, 1307, 1310, 1350, 1366, 1465, 1517, 1536, 1573, 1605, 1622, 1780, 1840, 1882, 1931, 2109], [217, 227, 252, 353, 372, 397, 425, 603, 608, 660, 714, 738, 1011, 1076, 1085, 1121, 1181, 1307, 1310, 1350, 1366, 1465, 1517, 1536, 1573, 1605, 1622, 1780, 1840, 1882, 1931, 2109], [217, 227, 252, 353, 372, 397, 425, 603, 608, 660, 714, 738, 816, 1011, 1076, 1085, 1121, 1181, 1307, 1310, 1350, 1366, 1465, 1517, 1536, 1573, 1605, 1622, 1780, 1840, 1882, 1931, 2109], [217, 227, 252, 353, 372, 397, 425, 603, 608, 660, 714, 738, 816, 1011, 1076, 1085, 1121, 1181, 1307, 1310, 1350, 1366, 1465, 1467, 1517, 1536, 1573, 1605, 1622, 1780, 1840, 1882, 1931, 2109], [217, 227, 252, 353, 372, 397, 425, 603, 608, 660, 714, 738, 816, 