{"ground_truth_extended": [0.9962773382968823, 0.9962773382968823, 0.9962773382968823, 0.9962773382968823, 0.9962773382968823, 0.9953466728711028, 0.9953466728711028, 0.9948813401582132, 0.9948813401582132, 0.9944160074453234, 0.9944160074453234, 0.9944160074453234, 0.9939506747324337, 0.993485342019544, 0.9930200093066542, 0.9930200093066542, 0.9925546765937645, 0.9925546765937645, 0.9925546765937645, 0.9925546765937645, 0.9920893438808748, 0.9906933457422057, 0.9906933457422057, 0.9906933457422057, 0.9906933457422057, 0.9906933457422057, 0.9906933457422057, 0.9906933457422057, 0.9906933457422057, 0.990228013029316, 0.990228013029316, 0.990228013029316, 0.990228013029316, 0.9897626803164262, 0.9892973476035365, 0.9892973476035365, 0.9883666821777571, 0.9883666821777571, 0.9883666821777571, 0.9879013494648674, 0.9879013494648674, 0.9879013494648674, 0.9874360167519777, 0.9874360167519777, 0.9874360167519777, 0.9874360167519777, 0.9874360167519777, 0.9874360167519777, 0.9869706840390879, 0.9869706840390879, 0.9865053513261982, 0.9865053513261982, 0.9860400186133085, 0.9860400186133085, 0.9860400186133085, 0.9855746859004187, 0.9855746859004187, 0.9855746859004187, 0.9855746859004187, 0.9855746859004187], "ground_truth_subset": [1.0, 1.0, 1.0, 1.0, 1.0, 1.0, 1.0, 1.0, 1.0, 1.0, 1.0, 1.0, 1.0, 1.0, 1.0, 1.0, 1.0, 1.0, 1.0, 1.0, 1.0, 1.0, 1.0, 1.0, 1.0, 1.0, 1.0, 1.0, 1.0, 1.0, 1.0, 1.0, 1.0, 1.0, 1.0, 1.0, 1.0, 1.0, 1.0, 1.0, 1.0, 1.0, 1.0, 1.0, 1.0, 1.0, 1.0, 1.0, 1.0, 1.0, 1.0, 1.0, 1.0, 1.0, 1.0, 1.0, 1.0, 1.0, 1.0, 1.0], "sigma_vals": [1.0, 1.05, 1.1, 1.1500000000000001, 1.2000000000000002, 1.2500000000000002, 1.3000000000000003, 1.3500000000000003, 1.4000000000000004, 1.4500000000000004, 1.5000000000000004, 1.5500000000000005, 1.6000000000000005, 1.6500000000000006, 1.7000000000000006, 1.7500000000000007, 1.8000000000000007, 1.8500000000000008, 1.9000000000000008, 1.9500000000000008, 2.000000000000001, 2.0500000000000007, 2.100000000000001, 2.1500000000000012, 2.200000000000001, 2.250000000000001, 2.300000000000001, 2.3500000000000014, 2.4000000000000012, 2.450000000000001, 2.5000000000000013, 2.5500000000000016, 2.6000000000000014, 2.6500000000000012, 2.7000000000000015, 2.7500000000000018, 2.8000000000000016, 2.8500000000000014, 2.9000000000000017, 2.950000000000002, 3.0000000000000018, 3.0500000000000016, 3.100000000000002, 3.150000000000002, 3.200000000000002, 3.2500000000000018, 3.300000000000002, 3.3500000000000023, 3.400000000000002, 3.450000000000002, 3.500000000000002, 3.5500000000000025, 3.6000000000000023, 3.650000000000002, 3.7000000000000024, 3.7500000000000027, 3.8000000000000025, 3.8500000000000023, 3.9000000000000026, 3.950000000000003], "intervals": [[0.9886638999826064, 1.2329653535181566], [1.2435457394140321, 1.3093255912300135], [1.329860264259364, 1.426415172379417], [1.4316699577103527, 1.591549088979219], [1.6415273579081826, 1.6888726287807045], [1.6952238897516714, 1.7844828102758996], [1.7887497270098356, 1.9446684267909708], [1.9611100058730797, 2.0036483157443263], [2.0491723464889646, 2.4247795429471477], [2.4284062546591283, 2.6190244564498832], [2.660019362697637, 2.757257464755041], [2.8008130749968148, 2.9357581796268186], [2.9500012615322286, 3.0498463096622253], [3.056725437002979, 3.2155334802631224], [3.0654311864053994, 3.3574559411194485], [3.367240511614989, 3.4863169451053206], [3.4953612615005087, 3.5585074850448914], [3.582212536530168, 3.7018783228615817], [3.7452068700796226, 3.9370383788915713], [3.8152142000856504, 4.03449641029904]], "incorrect": [[88, 307, 324, 593, 707, 921, 1683, 2013], [88, 307, 324, 593, 707, 921, 1683, 2013], [88, 307, 324, 593, 707, 921, 1683, 2013], [88, 307, 324, 593, 707, 921, 1683, 2013], [88, 307, 324, 593, 707, 921, 1683, 2013], [88, 307, 324, 593, 707, 864, 921, 1664, 1683, 2013], [88, 307, 324, 593, 707, 864, 921, 1664, 1683, 2013], [88, 260, 307, 324, 593, 707, 864, 921, 1664, 1683, 2013], [88, 260, 307, 324, 593, 707, 864, 921, 1664, 1683, 2013], [88, 260, 307, 324, 593, 707, 864, 921, 1664, 1683, 2013, 2115], [88, 260, 307, 324, 593, 707, 864, 921, 1664, 1683, 2013, 2115], [88, 260, 307, 324, 593, 707, 864, 921, 1664, 1683, 2013, 2115], [88, 260, 307, 324, 479, 593, 707, 864, 921, 1664, 1683, 2013, 2115], [88, 260, 307, 324, 479, 593, 707, 779, 864, 921, 1664, 1683, 2013, 2115], [88, 260, 307, 324, 404, 479, 593, 707, 779, 864, 921, 1664, 1683, 2013, 2115], [88, 260, 307, 324, 404, 479, 593, 707, 779, 864, 921, 1664, 1683, 2013, 2115], [88, 260, 289, 307, 324, 404, 479, 593, 707, 779, 864, 921, 1664, 1683, 2013, 2115], [88, 260, 289, 307, 324, 404, 479, 593, 707, 779, 864, 921, 1664, 1683, 2013, 2115], [88, 260, 289, 307, 324, 404, 479, 593, 707, 779, 864, 921, 1664, 1683, 2013, 2115], [88, 260, 289, 307, 324, 404, 479, 593, 707, 779, 864, 921, 1664, 1683, 2013, 2115], [88, 260, 289, 307, 324, 404, 479, 593, 707, 779, 826, 864, 921, 1664, 1683, 2013, 2115], [88, 260, 289, 307, 324, 404, 479, 593, 707, 779, 826, 864, 921, 1061, 1622, 1664, 1683, 1898, 2013, 2115], [88, 260, 289, 307, 324, 404, 479, 593, 707, 779, 826, 864, 921, 1061, 1622, 1664, 1683, 1898, 2013, 2115], [88, 260, 289, 307, 324, 404, 479, 593, 707, 779, 826, 864, 921, 1061, 1622, 1664, 1683, 1898, 2013, 2115], [88, 260, 289, 307, 324, 404, 479, 593, 707, 779, 826, 864, 921, 1061, 1622, 1664, 1683, 1898, 2013, 2115], [88, 260, 289, 307, 324, 404, 479, 593, 707, 779, 826, 864, 921, 1061, 1622, 1664, 1683, 1898, 2013, 2115], [88, 260, 289, 307, 324, 404, 479, 593, 707, 779, 826, 864, 921, 1061, 1622, 1664, 1683, 1898, 2013, 2115], [88, 260, 289, 307, 324, 404, 479, 593, 707, 779, 826, 864, 921, 1061, 1622, 1664, 1683, 1898, 2013, 2115], [88, 260, 289, 307, 324, 404, 479, 593, 707, 779, 826, 864, 921, 1061, 1622, 1664, 1683, 1898, 2013, 2115], [88, 260, 289, 307, 324, 404, 479, 502, 593, 707, 779, 826, 864, 921, 1061, 1622, 1664, 1683, 1898, 2013, 2115], [88, 260, 289, 307, 324, 404, 479, 502, 593, 707, 779, 826, 864, 921, 1061, 1622, 1664, 1683, 1898, 2013, 2115], [88, 260, 289, 307, 324, 404, 479, 502, 593, 707, 779, 826, 864, 921, 1061, 1622, 1664, 1683, 1898, 2013, 2115], [88, 260, 289, 307, 324, 404, 479, 502, 593, 707, 779, 826, 864, 921, 1061, 1622, 1664, 1683, 1898, 2013, 2115], [88, 260, 289, 307, 324, 404, 479, 502, 590, 593, 707, 779, 826, 864, 921, 1061, 1622, 1664, 1683, 1898, 2013, 2115], [88, 260, 289, 307, 324, 404, 479, 502, 590, 593, 707, 779, 826, 850, 864, 921, 1061, 1622, 1664, 1683, 1898, 2013, 2115], [88, 260, 289, 307, 324, 404, 479, 502, 590, 593, 707, 779, 826, 850, 864, 921, 1061, 1622, 1664, 1683, 1898, 2013, 2115], [88, 260, 289, 307, 324, 340, 404, 479, 502, 590, 593, 707, 751, 779, 826, 850, 864, 921, 1061, 1622, 1664, 1683, 1898, 2013, 2115], [88, 260, 289, 307, 324, 340, 404, 479, 502, 590, 593, 707, 751, 779, 826, 850, 864, 921, 1061, 1622, 1664, 1683, 1898, 2013, 2115], [88, 260, 289, 307, 324, 340, 404, 479, 502, 590, 593, 707, 751, 779, 826, 850, 864, 921, 1061, 1622, 1664, 1683, 1898, 2013, 2115], [88, 260, 289, 307, 324, 340, 404, 479, 485, 502, 590, 593, 707, 751, 779, 826, 850, 864, 921, 1061, 1622, 1664, 1683, 1898, 2013, 2115], [88, 260, 289, 307, 324, 340, 404, 479, 485, 502, 590, 593, 707, 751, 779, 826, 850, 864, 921, 1061, 1622, 1664, 1683, 1898, 2013, 2115], [88, 260, 289, 307, 324, 340, 404, 479, 485, 502, 590, 593, 707, 751, 779, 826, 850, 864, 921, 1061, 1622, 1664, 1683, 1898, 2013, 2115], [88, 260, 289, 307, 324, 340, 404, 479, 485, 502, 590, 593, 707, 751, 779, 826, 850, 864, 921, 1061, 1622, 1664, 1683, 1898, 1904, 2013, 2115], [88, 260, 289, 307, 324, 340, 404, 479, 485, 502, 590, 593, 707, 751, 779, 826, 850, 864, 921, 1061, 1622, 1664, 1683, 1898, 1904, 2013, 2115], [88, 260, 289, 307, 324, 340, 404, 479, 485, 502, 590, 593, 707, 751, 779, 826, 850, 864, 921, 1061, 1622, 1664, 1683, 1898, 1904, 2013, 2115], [88, 260, 289, 307, 324, 340, 404, 479, 485, 502, 590, 593, 707, 751, 779, 826, 850, 864, 921, 1061, 1622, 1664, 1683, 1898, 1904, 2013, 