{"ground_truth_extended": [0.996742671009772, 0.996742671009772, 0.996742671009772, 0.9972080037226617, 0.9972080037226617, 0.9972080037226617, 0.9972080037226617, 0.9972080037226617, 0.9972080037226617, 0.9972080037226617, 0.9972080037226617, 0.9972080037226617, 0.996742671009772, 0.996742671009772, 0.996742671009772, 0.996742671009772, 0.996742671009772, 0.996742671009772, 0.996742671009772, 0.9962773382968823, 0.9962773382968823, 0.9958120055839925, 0.9958120055839925, 0.9953466728711028, 0.9953466728711028, 0.9948813401582132, 0.9944160074453234, 0.993485342019544, 0.993485342019544, 0.993485342019544, 0.993485342019544, 0.9925546765937645, 0.9920893438808748, 0.9916240111679852, 0.9911586784550954, 0.9911586784550954, 0.9906933457422057, 0.9906933457422057, 0.990228013029316, 0.9897626803164262, 0.9888320148906468, 0.9888320148906468, 0.9883666821777571, 0.9879013494648674, 0.9869706840390879, 0.9865053513261982, 0.9865053513261982, 0.9860400186133085, 0.9860400186133085, 0.9860400186133085, 0.9860400186133085, 0.9860400186133085, 0.9860400186133085, 0.9860400186133085, 0.9851093531875291, 0.9851093531875291, 0.9846440204746394, 0.9837133550488599, 0.9837133550488599, 0.9837133550488599], "ground_truth_subset": [0.98, 0.98, 0.98, 0.98, 0.98, 0.98, 1.0, 1.0, 1.0, 1.0, 1.0, 1.0, 1.0, 1.0, 1.0, 1.0, 1.0, 1.0, 1.0, 1.0, 1.0, 1.0, 1.0, 1.0, 1.0, 1.0, 1.0, 1.0, 1.0, 1.0, 1.0, 1.0, 1.0, 1.0, 1.0, 1.0, 1.0, 1.0, 1.0, 1.0, 1.0, 1.0, 1.0, 1.0, 1.0, 1.0, 1.0, 1.0, 1.0, 1.0, 1.0, 1.0, 1.0, 1.0, 1.0, 1.0, 1.0, 1.0, 1.0, 1.0], "sigma_vals": [1.0, 1.05, 1.1, 1.1500000000000001, 1.2000000000000002, 1.2500000000000002, 1.3000000000000003, 1.3500000000000003, 1.4000000000000004, 1.4500000000000004, 1.5000000000000004, 1.5500000000000005, 1.6000000000000005, 1.6500000000000006, 1.7000000000000006, 1.7500000000000007, 1.8000000000000007, 1.8500000000000008, 1.9000000000000008, 1.9500000000000008, 2.000000000000001, 2.0500000000000007, 2.100000000000001, 2.1500000000000012, 2.200000000000001, 2.250000000000001, 2.300000000000001, 2.3500000000000014, 2.4000000000000012, 2.450000000000001, 2.5000000000000013, 2.5500000000000016, 2.6000000000000014, 2.6500000000000012, 2.7000000000000015, 2.7500000000000018, 2.8000000000000016, 2.8500000000000014, 2.9000000000000017, 2.950000000000002, 3.0000000000000018, 3.0500000000000016, 3.100000000000002, 3.150000000000002, 3.200000000000002, 3.2500000000000018, 3.300000000000002, 3.3500000000000023, 3.400000000000002, 3.450000000000002, 3.500000000000002, 3.5500000000000025, 3.6000000000000023, 3.650000000000002, 3.7000000000000024, 3.7500000000000027, 3.8000000000000025, 3.8500000000000023, 3.9000000000000026, 3.950000000000003], "intervals": [[0.9298550262441541, 1.1381040536281117], [1.1406744460429104, 1.2518146960824301], [1.2712949885671587, 1.5816603505557962], [1.6116729080772656, 1.8996106476097392], [1.9012892759458642, 2.0126845349665468], [2.0164201246248536, 2.09937071468571], [2.1283921115000664, 2.211939336111416], [2.213554395913893, 2.263197387008727], [2.3100192691445813, 2.5043728347745544], [2.5069870961043543, 2.554401422654714], [2.556550712010475, 2.6044814573841975], [2.628699850408937, 2.662865794120577], [2.6651673814329255, 2.7605468263631217], [2.7626865091008037, 2.883528036741175], [2.9064128814278116, 2.9603798990474925], [2.968661018932281, 3.089244279979803], [3.1236281179519767, 3.1688521613198644], [3.2003082206337434, 3.2331127022151804], [3.237234746041237, 3.312505922895875], [3.317276757552827, 3.645338329874623], [3.6835214350198022, 3.792470019554919]], "incorrect": [[117, 271, 628, 1044, 1570, 1681, 2087], [117, 271, 628, 1044, 1570, 1681, 2087], [117, 271, 628, 1044, 1570, 1681, 2087], [117, 628, 1044, 1570, 1681, 2087], [117, 628, 1044, 1570, 1681, 2087], [117, 628, 1044, 1570, 1681, 2087], [117, 348, 628, 1044, 1681, 2087], [117, 348, 628, 1044, 1681, 2087], [117, 348, 628, 1044, 1681, 2087], [117, 348, 628, 1044, 1681, 2087], [117, 348, 628, 1044, 1681, 2087], [117, 348, 628, 1044, 1681, 2087], [117, 348, 628, 1044, 1681, 2028, 2087], [117, 348, 628, 1044, 1681, 2028, 2087], [117, 348, 628, 1044, 1681, 2028, 2087], [117, 348, 628, 1044, 1681, 2028, 2087], [117, 348, 628, 1044, 1681, 2028, 2087], [117, 348, 628, 1044, 1681, 2028, 2087], [117, 348, 628, 1044, 1681, 2028, 2087], [117, 348, 628, 1044, 1681, 1834, 2028, 2087], [117, 348, 628, 1044, 1681, 1834, 2028, 2087], [117, 348, 628, 1044, 1667, 1681, 1834, 2028, 2087], [117, 348, 628, 1044, 1667, 1681, 1834, 2028, 2087], [117, 348, 628, 809, 1044, 1667, 1681, 1834, 2028, 2087], [117, 348, 628, 809, 1044, 1667, 1681, 1834, 2028, 2087], [117, 348, 628, 809, 1044, 1358, 1667, 1681, 1834, 2028, 2087], [117, 348, 488, 628, 809, 1044, 1358, 1667, 1681, 1834, 2028, 2087], [117, 348, 488, 628, 809, 1015, 1044, 1166, 1358, 1667, 1681, 1834, 2028, 2087], [117, 348, 488, 628, 809, 1015, 1044, 1166, 1358, 1667, 1681, 1834, 2028, 2087], [117, 348, 488, 628, 809, 1015, 1044, 1166, 1358, 1667, 1681, 1834, 2028, 2087], [117, 348, 488, 628, 809, 1015, 1044, 1166, 1358, 1667, 1681, 1834, 2028, 2087], [117, 348, 488, 628, 809, 1015, 1044, 1166, 1358, 1575, 1667, 1681, 1834, 1861, 2028, 2087], [117, 348, 488, 628, 776, 809, 1015, 1044, 1166, 1358, 1575, 1667, 1681, 1834, 1861, 2028, 2087], [117, 348, 440, 488, 628, 776, 809, 1015, 1044, 1166, 1358, 1575, 1667, 1681, 1834, 1861, 2028, 2087], [117, 348, 440, 488, 628, 776, 809, 1015, 1044, 1166, 1358, 1368, 1575, 1667, 1681, 1834, 1861, 2028, 2087], [117, 348, 440, 488, 628, 776, 809, 1015, 1044, 1166, 1358, 1368, 1575, 1667, 1681, 1834, 1861, 2028, 2087], [117, 348, 440, 488, 628, 776, 809, 1015, 1044, 1093, 1166, 1358, 1368, 1575, 1667, 1681, 1834, 1861, 2028, 2087], [117, 348, 440, 488, 628, 776, 809, 1015, 1044, 1093, 1166, 1358, 1368, 1575, 1667, 1681, 1834, 1861, 2028, 2087], [117, 348, 440, 488, 628, 776, 809, 1015, 1044, 1093, 1166, 1305, 1358, 1368, 1575, 1667, 1681, 1834, 1861, 2028, 2087], [117, 348, 440, 488, 628, 776, 809, 1015, 1044, 1093, 1166, 1305, 1358, 1368, 1575, 1667, 1681, 1834, 1861, 1937, 2028, 2087], [117, 348, 369, 440, 488, 628, 776, 809, 1015, 1044, 1093, 1166, 1305, 1358, 1368, 1575, 1667, 1681, 1834, 1861, 1937, 1970, 2028, 2087], [117, 348, 369, 440, 488, 628, 776, 809, 1015, 1044, 1093, 1166, 1305, 1358, 1368, 1575, 1667, 1681, 1834, 1861, 1937, 1970, 2028, 2087], [117, 122, 348, 369, 440, 488, 628, 776, 809, 1015, 1044, 1093, 1166, 1305, 1358, 1368, 1575, 1667, 1681, 1834, 1861, 1937, 1970, 2028, 2087], [117, 122, 348, 369, 440, 488, 588, 628, 776, 809, 1015, 1044, 1093, 1166, 1305, 1358, 1368, 1575, 1667, 1681, 1834, 1861, 1937, 1970, 2028, 2087], [117, 122, 348, 369, 392, 440, 488, 588, 628, 776, 809, 1015, 1044, 1093, 1166, 1305, 1358, 1368, 1575, 1667, 1681, 1834, 1861, 1937, 1970, 2028, 2032, 2087], [117, 122, 348, 369, 392, 440, 488, 588, 628, 776, 809, 1015, 1044, 1093, 1166, 1305, 1358, 1368, 1575, 1667, 1681, 1834, 1861, 1888, 1937, 1970, 2028, 2032, 2087], [117, 122, 348, 369, 392, 440, 488, 588, 628, 776, 809, 1015, 1044, 1093, 1166, 1305, 1358, 1368, 1575, 1667, 1681, 1834, 1861, 1888, 1937, 1970, 2028, 2032, 2087], [117, 122, 348, 369, 392, 440, 488, 588, 628, 770, 776, 809, 1015, 1044, 1093, 1166, 1305, 1358, 1368, 1575, 1667, 1681, 1834, 1861, 1888, 1937, 1970, 2028, 2032, 2087], [117, 122, 348, 369, 392, 440, 488, 588, 628, 770, 776, 809, 1015, 1044, 1093, 1166, 1305, 1358, 1368, 1575, 1667, 1681, 1834, 1861, 1888, 1937, 1970, 2028, 2032, 2087], [117, 122, 348, 369, 392, 440, 488, 588, 628, 770, 776, 809, 1015, 1044, 1093, 1166, 1305, 1358, 1368, 1575, 1667, 1681, 1834, 1861, 1888, 1937, 1970, 2028, 2032, 2087], [117, 122, 348, 369, 392, 440, 488, 588, 628, 770, 776, 809, 1015, 1044, 1093, 1166, 1305, 1358, 1368, 1575, 1667, 1681, 1834, 1861, 1888, 1937, 1970, 2028, 2032, 2087], [117, 122, 348, 369, 392, 440, 488, 588, 628, 770, 776, 809, 1015, 1044, 1093, 1166, 1305, 1358, 1368, 1575, 1667, 1681, 1834, 1861, 1888, 1937, 1970, 2028, 2032, 2087], [117, 